Question,Answer
What is Drippy?,Drippy is an e-commerce website where you can shop for clothing and accessories.
How do I sign up for an account on Drippy?,"To sign up for an account on Drippy, simply click on the ""Sign Up"" button on the homepage and follow the prompts to create your account."
How do I log in to my Drippy account?,"To log in to your Drippy account, click on the ""Log In"" button on the homepage and enter your email address and password."
Can I use Drippy without creating an account?,"Yes, you can browse and view products on Drippy without creating an account. However, you will need to create an account in order to make a purchase."
Is my personal information secure on Drippy?,"Yes, Drippy takes the security and privacy of its customers very seriously. Your personal information is stored securely and is never shared with third parties."
What types of products can I buy on Drippy?,"Drippy sells a variety of clothing and accessories, including t-shirts, sweatshirts, hoodies, hats, and more."
How do I search for a specific product on Drippy?,You can search for a specific product on Drippy by using the search bar located at the top of the homepage.
How do I know if a product is in stock?,"If a product is out of stock, it will be indicated on the product page. Otherwise, you can assume that the product is in stock."
How do I add a product to my cart?,"To add a product to your cart, simply click on the ""Add to Cart"" button located on the product page."
How do I view my cart?,"To view your cart, click on the shopping cart icon located at the top of the homepage."
How do I remove a product from my cart?,"To remove a product from your cart, click on the ""x"" button located next to the product in your cart."
How do I change the quantity of a product in my cart?,"To change the quantity of a product in your cart, simply click on ""+ / -"" in the cart"
How do I check out and make a purchase?,"To check out and make a purchase, click on the ""Checkout"" button located in your cart and follow the prompts to enter your shipping and payment information."
What forms of payment does Drippy accept?,"Drippy accepts a variety of payment methods, including credit cards, debit cards, and PayPal."
How do I track my order?,"You can track your order by logging in to your account and clicking on the ""Order History"" tab."
How long does it take for my order to arrive?,Delivery times vary depending on your location and the shipping method you choose at checkout. You can check estimated delivery times on the checkout page.
How do I return an item?,"To return an item, you can follow the instructions on the returns page of the Drippy website. You may be responsible for return shipping fees."
Can I exchange an item?,"Yes, you can exchange an item by following the instructions on the returns page of the Drippy website."
What is Drippy's return policy?,Drippy's return policy allows for returns or exchanges within 30 days of the purchase date. The item must be in its original condition and packaging.
How do I contact customer service?,You can contact customer service by filling out the form on the contact page of the Drippy website or by emailing support@drippy.com.
Does Drippy offer free shipping?,"Drippy offers free shipping on orders over a certain amount, which may vary depending on your location."
How can I stay updated on Drippy's latest products and promotions?,You can sign up for the Drippy newsletter or follow Drippy on social media to stay updated on the latest products and promotions.
Can I use a promo code on Drippy?,"Yes, you can enter a promo code at checkout to receive a discount on your purchase."
How do I know if a promo code is valid?,Promo codes are typically valid for a limited time only. You can check the terms and conditions of the promo code to see if it is still valid.
Can I use multiple promo codes on a single order?,"No, you can only use one promo code per order."
Can I purchase a gift card on Drippy?,"Yes, you can purchase a gift card on the Drippy website."
How do I redeem a gift card on Drippy?,"To redeem a gift card on Drippy, simply enter the gift card code at checkout."
Can I use a gift card and a promo code on the same order?,"Yes, you can use a gift card and a promo code on the same order."
What sizes are available on Drippy?,You can check the size chart on the product page for specific measurements.
How do I know what size to order?,You can check the size chart on the product page for specific measurements. You may also want to consider ordering a size up or down depending on your personal preferences.
Can I request a size that is not available on the website?,"No, Drippy only offers sizes that are currently available on the website."
What materials are Drippy's products made from?,"Drippy's products are made from a variety of materials, which may vary depending on the product. You can check the product description for more information."
Can I request a custom product from Drippy?,"No, Drippy does not offer custom products at this time."
What countries does Drippy ship to?,Drippy ships to a variety of countries. You can check the shipping page on the Drippy website for more information.
How much does international shipping cost?,International shipping costs vary depending on your location and the shipping method you choose at checkout. You can check the shipping page on the Drippy website
How long does international shipping take?,International shipping times vary depending on your location and the shipping method you choose at checkout. You can check the shipping page on the Drippy website for estimated delivery times.
Can I track my order?,"Yes, you can track your order by entering the tracking number on the carrier's website."
What payment methods does Drippy accept?,"Drippy accepts a variety of payment methods, including credit cards, PayPal, and Apple Pay."
Is my payment information secure on Drippy?,"Yes, Drippy uses secure encryption technology to protect your payment information."
Can I cancel my order?,You may be able to cancel your order if it has not yet been processed or shipped. You can contact customer service for assistance with cancelling your order.
Can I change my shipping address after placing an order?,You may be able to change your shipping address if your order has not yet been processed or shipped. You can contact customer service for assistance with changing your shipping address.
How do I know if my order has been shipped?,You will receive a shipping confirmation email with tracking information once your order has been shipped.
What should I do if my order arrives damaged or defective?,"If your order arrives damaged or defective, you can contact customer service for assistance with returning or exchanging the item."
What should I do if my order does not arrive?,"If your order does not arrive within the estimated delivery time, you can contact customer service for assistance with tracking your order."
Can I leave a review for a product on Drippy?,"Yes, you can leave a review for a product on the product page of the Drippy website."
Can I see reviews from other customers?,"Yes, you can see reviews from other customers on the product page of the Drippy website."
What should I do if I have a problem with a product after the 30-day return period?,"If you have a problem with a product after the 30-day return period, you can contact customer service for assistance."
How do I unsubscribe from the Drippy newsletter?,You can unsubscribe from the Drippy newsletter by clicking the unsubscribe link at the bottom of the newsletter.
Can I change my email address on my Drippy account?,"Can I change my email address on my Drippy account? A: Yes, you can change your email address by logging into your account and editing your account information."
How do I reset my password on my Drippy account?,"You can reset your password by clicking the ""forgot password"" link on the login page and following the instructions."
Can I use a debit card to make a purchase on Drippy?,"Yes, you can use a debit card to make a purchase on Drippy"
Can I use a prepaid card to make a purchase on Drippy?,It depends on the type of prepaid card. Some prepaid cards may not be accepted. You can contact customer service for assistance with making a purchase using a prepaid card.
What should I do if I receive the wrong item?,"If you receive the wrong item, you can contact customer service for assistance with returning or exchanging the item."
What should I do if I receive a damaged package?,"If you receive a damaged package, you can contact"